sale_id,sale_date,unit_id,model_id,customer_id,channel,sale_price,currency,payment_status,invoice_required,invoice_ref,sold_by_user_id,notes
V-00001,2025-11-18,U-000325,M-0023,C-0004,Tienda,"220,64",EUR,PAID,FALSE,,USR-0003,
V-00002,2025-12-25,U-000696,M-0022,C-0004,Tienda,"391,61",EUR,PAID,FALSE,,USR-0002,
V-00003,2025-12-23,U-000785,M-0010,C-0001,Wallapop,"253,9",EUR,PAID,FALSE,,USR-0003,
V-00004,2026-01-06,U-000629,M-0030,C-0001,WhatsApp,"227,87",EUR,PENDING,FALSE,,USR-0003,
V-00005,2025-11-24,U-000488,M-0010,C-0002,Web,"247,35",EUR,PAID,TRUE,FAC-2026-0005,USR-0003,
V-00006,2025-10-21,U-000083,M-0028,C-0001,Marketplace,"226,7",EUR,PAID,FALSE,,USR-0002,
V-00007,2026-01-03,U-000520,M-0017,C-0001,WhatsApp,"213,85",EUR,PAID,FALSE,,USR-0003,
V-00008,2025-11-06,U-000551,M-0030,C-0002,Web,"267,26",EUR,PAID,TRUE,FAC-2026-0008,USR-0003,
V-00009,2025-11-23,U-000003,M-0001,C-0003,WhatsApp,"393,81",EUR,PAID,TRUE,FAC-2026-0009,USR-0003,
V-00010,2026-01-08,U-001047,M-0001,C-0002,Tienda,"356,57",EUR,PAID,TRUE,FAC-2026-0010,USR-0003,
V-00011,2025-12-15,U-001059,M-0009,C-0001,WhatsApp,"285,39",EUR,PAID,FALSE,,USR-0002,
V-00012,2025-12-09,U-000415,M-0006,C-0002,Web,"119,58",EUR,PAID,TRUE,FAC-2026-0012,USR-0002,
V-00013,2026-01-13,U-000807,M-0012,C-0003,Web,"129,56",EUR,PAID,TRUE,FAC-2026-0013,USR-0003,
V-00014,2025-11-25,U-000052,M-0018,C-0003,Marketplace,"149,44",EUR,PAID,TRUE,FAC-2026-0014,USR-0003,
V-00015,2025-12-11,U-000522,M-0017,C-0001,WhatsApp,"239,12",EUR,PAID,FALSE,,USR-0003,
V-00016,2026-01-09,U-000931,M-0002,C-0001,Web,"122,71",EUR,PENDING,FALSE,,USR-0003,
V-00017,2025-11-02,U-000016,M-0017,C-0004,WhatsApp,"178,35",EUR,PAID,FALSE,,USR-0003,
V-00018,2026-01-08,U-000934,M-0002,C-0003,Wallapop,"114,95",EUR,PENDING,TRUE,FAC-2026-0018,USR-0002,
V-00019,2026-01-02,U-000747,M-0020,C-0001,Wallapop,"232,87",EUR,PAID,FALSE,,USR-0003,
V-00020,2025-12-12,U-000386,M-0009,C-0002,WhatsApp,"278,49",EUR,PAID,TRUE,FAC-2026-0020,USR-0002,
V-00021,2026-01-12,U-000822,M-0008,C-0001,Wallapop,"410,98",EUR,PAID,FALSE,,USR-0003,
V-00022,2025-12-09,U-000413,M-0006,C-0002,WhatsApp,"115,96",EUR,PAID,TRUE,FAC-2026-0022,USR-0002,
V-00023,2026-01-08,U-001075,M-0006,C-0001,Web,"133,16",EUR,PAID,FALSE,,USR-0003,
V-00024,2025-12-10,U-000616,M-0023,C-0002,Wallapop,"280,91",EUR,PAID,TRUE,FAC-2026-0024,USR-0003,
V-00025,2025-11-03,U-000107,M-0027,C-0004,Web,"345,22",EUR,PAID,FALSE,,USR-0003,
V-00026,2025-12-20,U-000320,M-0010,C-0001,Marketplace,"212,13",EUR,PAID,FALSE,,USR-0003,
V-00027,2025-12-27,U-000994,M-0027,C-0002,Web,"331,03",EUR,PAID,TRUE,FAC-2026-0027,USR-0003,
V-00028,2025-11-16,U-000211,M-0018,C-0002,Web,"147,6",EUR,PAID,TRUE,FAC-2026-0028,USR-0003,
V-00029,2025-11-05,U-000094,M-0003,C-0001,Wallapop,"224,01",EUR,PAID,FALSE,,USR-0002,
V-00030,2025-12-28,U-000977,M-0014,C-0001,Web,"114,31",EUR,PAID,FALSE,,USR-0003,
V-00031,2026-01-03,U-000613,M-0010,C-0001,Marketplace,"281,27",EUR,PAID,FALSE,,USR-0003,
V-00032,2025-10-23,U-000343,M-0023,C-0001,Marketplace,"222,36",EUR,PAID,FALSE,,USR-0003,
V-00033,2026-01-08,U-001042,M-0001,C-0001,Tienda,"326,7",EUR,PAID,FALSE,,USR-0003,
V-00034,2025-12-03,U-000290,M-0002,C-0002,Tienda,"120,53",EUR,PAID,TRUE,FAC-2026-0034,USR-0003,
V-00035,2026-01-02,U-000406,M-0014,C-0001,Marketplace,"142,23",EUR,PAID,FALSE,,USR-0002,
V-00036,2025-10-23,U-000340,M-0023,C-0002,Wallapop,"269,7",EUR,PAID,TRUE,FAC-2026-0036,USR-0002,
V-00037,2025-11-23,U-000724,M-0005,C-0001,Marketplace,"338,4",EUR,PAID,FALSE,,USR-0002,
V-00038,2026-01-08,U-000923,M-0002,C-0001,Tienda,"104,96",EUR,PAID,FALSE,,USR-0002,
V-00039,2025-11-01,U-000291,M-0002,C-0002,Tienda,"118,92",EUR,PAID,TRUE,FAC-2026-0039,USR-0002,
V-00040,2025-10-23,U-000243,M-0021,C-0004,WhatsApp,"159,75",EUR,PAID,FALSE,,USR-0003,
V-00041,2026-01-10,U-000858,M-0023,C-0001,Web,"248,89",EUR,PAID,FALSE,,USR-0003,
V-00042,2025-11-10,U-000323,M-0010,C-0001,Web,"257,27",EUR,PAID,FALSE,,USR-0002,
V-00043,2025-11-24,U-000071,M-0028,C-0001,Marketplace,"239,04",EUR,PAID,FALSE,,USR-0003,
V-00044,2025-11-02,U-000004,M-0001,C-0001,Tienda,"315,52",EUR,PAID,FALSE,,USR-0002,
V-00045,2025-11-17,U-000558,M-0003,C-0004,Tienda,"251,09",EUR,PAID,FALSE,,USR-0002,
V-00046,2026-01-08,U-001090,M-0013,C-0001,Tienda,"271,14",EUR,PENDING,FALSE,,USR-0003,
V-00047,2025-12-13,U-000468,M-0007,C-0001,Wallapop,"312,76",EUR,PAID,FALSE,,USR-0003,
V-00048,2025-10-10,U-000238,M-0021,C-0002,WhatsApp,"161,75",EUR,PAID,TRUE,FAC-2026-0048,USR-0002,
V-00049,2025-12-16,U-001012,M-0015,C-0001,WhatsApp,"189,98",EUR,PAID,FALSE,,USR-0003,
V-00050,2025-10-23,U-000376,M-0025,C-0001,WhatsApp,"234,74",EUR,PAID,FALSE,,USR-0003,
V-00051,2025-10-10,U-000035,M-0012,C-0001,WhatsApp,"176,6",EUR,PAID,FALSE,,USR-0002,
V-00052,2025-11-27,U-000396,M-0018,C-0001,Web,"148,42",EUR,PAID,FALSE,,USR-0003,
V-00053,2025-10-15,U-000198,M-0017,C-0004,Tienda,"214,32",EUR,PENDING,FALSE,,USR-0003,
V-00054,2025-11-27,U-000148,M-0022,C-0001,Web,"382,76",EUR,PAID,FALSE,,USR-0003,
V-00055,2025-12-31,U-000658,M-0004,C-0004,WhatsApp,"123,79",EUR,PAID,FALSE,,USR-0002,
V-00056,2025-10-25,U-000055,M-0018,C-0001,WhatsApp,"132,55",EUR,PAID,FALSE,,USR-0002,
V-00057,2025-11-29,U-000496,M-0022,C-0002,Marketplace,"442,32",EUR,PAID,TRUE,FAC-2026-0057,USR-0002,
V-00058,2025-12-03,U-000617,M-0023,C-0004,Marketplace,"271,53",EUR,PAID,FALSE,,USR-0002,
V-00059,2025-12-02,U-000355,M-0024,C-0001,WhatsApp,"157,7",EUR,PAID,FALSE,,USR-0002,
V-00060,2026-01-09,U-001001,M-0027,C-0002,Marketplace,"315,66",EUR,PENDING,TRUE,FAC-2026-0060,USR-0002,
V-00061,2025-10-23,U-000389,M-0018,C-0002,Web,"134,73",EUR,PAID,TRUE,FAC-2026-0061,USR-0003,
V-00062,2026-01-10,U-001072,M-0026,C-0004,Tienda,"150,89",EUR,PAID,FALSE,,USR-0003,
V-00063,2025-11-29,U-000135,M-0018,C-0001,Wallapop,"117,14",EUR,PAID,FALSE,,USR-0003,
V-00064,2025-11-21,U-000097,M-0007,C-0002,Web,"286,77",EUR,PAID,TRUE,FAC-2026-0064,USR-0002,
V-00065,2025-11-11,U-000378,M-0025,C-0002,WhatsApp,"206,88",EUR,PAID,TRUE,FAC-2026-0065,USR-0002,
V-00066,2025-11-16,U-000641,M-0030,C-0001,Tienda,"274,52",EUR,PAID,FALSE,,USR-0003,
V-00067,2025-12-26,U-000820,M-0026,C-0003,Web,"134,99",EUR,PAID,TRUE,FAC-2026-0067,USR-0003,
V-00068,2025-12-26,U-000921,M-0006,C-0002,WhatsApp,"127,45",EUR,PAID,TRUE,FAC-2026-0068,USR-0002,
V-00069,2025-12-14,U-000228,M-0030,C-0002,Marketplace,"289,47",EUR,PENDING,TRUE,FAC-2026-0069,USR-0002,
V-00070,2025-11-22,U-000308,M-0010,C-0001,Web,"285,22",EUR,PAID,FALSE,,USR-0002,
V-00071,2026-01-03,U-000718,M-0012,C-0002,WhatsApp,"133,56",EUR,PAID,TRUE,FAC-2026-0071,USR-0003,
V-00072,2025-10-24,U-000050,M-0018,C-0004,Web,"144,52",EUR,PAID,FALSE,,USR-0003,
V-00073,2025-11-14,U-000263,M-0016,C-0004,Tienda,"153,22",EUR,PAID,FALSE,,USR-0003,
V-00074,2025-11-25,U-000651,M-0016,C-0003,Tienda,"115,97",EUR,PAID,TRUE,FAC-2026-0074,USR-0002,
V-00075,2026-01-14,U-000735,M-0005,C-0001,Web,"324,9",EUR,PAID,FALSE,,USR-0003,
V-00076,2025-11-11,U-000204,M-0018,C-0001,Wallapop,"138,03",EUR,PAID,FALSE,,USR-0003,
V-00077,2026-01-14,U-000916,M-0006,C-0003,Marketplace,"119,38",EUR,PAID,TRUE,FAC-2026-0077,USR-0003,
V-00078,2026-01-07,U-000914,M-0006,C-0001,Marketplace,"130,43",EUR,PAID,FALSE,,USR-0003,
V-00079,2025-10-19,U-000088,M-0010,C-0004,Web,"213,61",EUR,PAID,FALSE,,USR-0003,
V-00080,2026-01-14,U-000941,M-0026,C-0001,Web,"165,6",EUR,PAID,FALSE,,USR-0002,
V-00081,2025-12-31,U-000756,M-0018,C-0001,Wallapop,"136,73",EUR,PAID,FALSE,,USR-0003,
V-00082,2026-01-11,U-000801,M-0013,C-0004,WhatsApp,"250,56",EUR,PAID,FALSE,,USR-0002,
V-00083,2025-11-21,U-000687,M-0008,C-0002,Marketplace,"401,04",EUR,PAID,TRUE,FAC-2026-0083,USR-0003,
V-00084,2026-01-06,U-000796,M-0013,C-0004,Web,"289,47",EUR,PAID,FALSE,,USR-0003,
V-00085,2026-01-14,U-001073,M-0006,C-0003,Web,"132,56",EUR,PAID,TRUE,FAC-2026-0085,USR-0002,
V-00086,2026-01-11,U-000798,M-0013,C-0001,Web,"282,18",EUR,PAID,FALSE,,USR-0002,
V-00087,2025-12-04,U-000433,M-0021,C-0001,Web,"130,26",EUR,PAID,FALSE,,USR-0003,
V-00088,2025-12-08,U-000852,M-0023,C-0003,Web,"246,84",EUR,PAID,TRUE,FAC-2026-0088,USR-0003,
V-00089,2026-01-08,U-000731,M-0005,C-0001,Web,"312,74",EUR,PAID,FALSE,,USR-0003,
V-00090,2025-12-24,U-001030,M-0005,C-0001,Marketplace,"325,74",EUR,PENDING,FALSE,,USR-0003,
V-00091,2025-12-05,U-000737,M-0027,C-0003,Marketplace,324,EUR,PAID,TRUE,FAC-2026-0091,USR-0002,
V-00092,2025-12-26,U-000740,M-0020,C-0001,Tienda,"205,66",EUR,PAID,FALSE,,USR-0003,
V-00093,2025-12-14,U-000569,M-0003,C-0001,WhatsApp,"256,99",EUR,PENDING,FALSE,,USR-0003,
V-00094,2025-10-26,U-000014,M-0017,C-0002,Tienda,"219,21",EUR,PAID,TRUE,FAC-2026-0094,USR-0002,
V-00095,2025-12-05,U-000278,M-0009,C-0001,Tienda,"249,3",EUR,PAID,FALSE,,USR-0003,
V-00096,2026-01-13,U-000712,M-0012,C-0004,Tienda,"149,75",EUR,PAID,FALSE,,USR-0003,
V-00097,2025-11-24,U-000141,M-0022,C-0002,Wallapop,"501,58",EUR,PAID,TRUE,FAC-2026-0097,USR-0002,
V-00098,2025-12-28,U-000456,M-0030,C-0004,Wallapop,"296,17",EUR,PAID,FALSE,,USR-0003,
V-00099,2026-01-07,U-001067,M-0026,C-0001,Tienda,"169,12",EUR,PAID,FALSE,,USR-0003,
V-00100,2025-12-16,U-000805,M-0012,C-0002,Tienda,"155,28",EUR,PAID,TRUE,FAC-2026-0100,USR-0003,
V-00101,2025-12-26,U-000983,M-0005,C-0001,WhatsApp,"283,51",EUR,PAID,FALSE,,USR-0003,
V-00102,2025-12-01,U-000464,M-0007,C-0004,WhatsApp,"299,75",EUR,PAID,FALSE,,USR-0003,
V-00103,2025-11-28,U-000774,M-0025,C-0002,Web,"188,31",EUR,PAID,TRUE,FAC-2026-0103,USR-0003,
V-00104,2025-12-14,U-001054,M-0001,C-0001,Web,"407,36",EUR,PAID,FALSE,,USR-0003,
V-00105,2025-10-08,U-000027,M-0012,C-0004,Marketplace,"163,57",EUR,PAID,FALSE,,USR-0003,
V-00106,2025-11-26,U-000600,M-0022,C-0001,Wallapop,"449,94",EUR,PENDING,FALSE,,USR-0002,
V-00107,2025-12-05,U-000776,M-0025,C-0002,WhatsApp,"180,92",EUR,PAID,TRUE,FAC-2026-0107,USR-0003,
V-00108,2025-12-21,U-000632,M-0030,C-0004,Tienda,"236,81",EUR,PENDING,FALSE,,USR-0003,
V-00109,2026-01-07,U-000773,M-0025,C-0001,Web,"204,86",EUR,PAID,FALSE,,USR-0002,
V-00110,2025-10-12,U-000009,M-0001,C-0002,Web,"402,31",EUR,PAID,TRUE,FAC-2026-0110,USR-0002,
V-00111,2025-11-30,U-000819,M-0026,C-0001,Wallapop,"131,81",EUR,PAID,FALSE,,USR-0003,
V-00112,2025-11-08,U-000231,M-0030,C-0003,Marketplace,"270,36",EUR,PAID,TRUE,FAC-2026-0112,USR-0002,
V-00113,2025-12-25,U-000661,M-0004,C-0001,Wallapop,"126,9",EUR,PAID,FALSE,,USR-0002,
V-00114,2025-11-23,U-000264,M-0016,C-0004,WhatsApp,"142,83",EUR,PAID,FALSE,,USR-0003,
V-00115,2025-11-09,U-000495,M-0022,C-0001,WhatsApp,"474,9",EUR,PAID,FALSE,,USR-0002,
V-00116,2025-12-28,U-000721,M-0012,C-0002,Marketplace,"160,87",EUR,PAID,TRUE,FAC-2026-0116,USR-0003,
V-00117,2025-11-22,U-000404,M-0018,C-0001,Wallapop,"142,86",EUR,PAID,FALSE,,USR-0003,
V-00118,2026-01-12,U-000939,M-0026,C-0001,Marketplace,"135,55",EUR,PAID,FALSE,,USR-0002,
V-00119,2026-01-06,U-000644,M-0016,C-0001,Tienda,"122,31",EUR,PAID,FALSE,,USR-0002,
V-00120,2026-01-13,U-000903,M-0010,C-0001,Tienda,"285,9",EUR,PAID,FALSE,,USR-0002,
V-00121,2026-01-08,U-000777,M-0025,C-0001,Tienda,"204,28",EUR,PAID,FALSE,,USR-0003,
V-00122,2026-01-02,U-001077,M-0006,C-0004,Wallapop,"128,74",EUR,PAID,FALSE,,USR-0003,
V-00123,2025-11-25,U-000652,M-0016,C-0003,Web,"113,36",EUR,PAID,TRUE,FAC-2026-0123,USR-0002,
V-00124,2025-12-14,U-001053,M-0001,C-0001,Marketplace,"357,9",EUR,PAID,FALSE,,USR-0002,
V-00125,2025-10-25,U-000150,M-0022,C-0003,WhatsApp,"512,63",EUR,PAID,TRUE,FAC-2026-0125,USR-0002,
V-00126,2025-12-07,U-000997,M-0027,C-0004,Web,"359,27",EUR,PAID,FALSE,,USR-0003,
V-00127,2025-12-13,U-000262,M-0016,C-0001,Wallapop,"136,38",EUR,PAID,FALSE,,USR-0002,
V-00128,2025-10-20,U-000059,M-0030,C-0004,WhatsApp,"228,83",EUR,PENDING,FALSE,,USR-0002,
V-00129,2025-11-27,U-000596,M-0022,C-0004,WhatsApp,"392,15",EUR,PENDING,FALSE,,USR-0003,
V-00130,2025-11-06,U-000195,M-0017,C-0001,Tienda,"180,3",EUR,PAID,FALSE,,USR-0003,
V-00131,2026-01-12,U-000982,M-0014,C-0001,WhatsApp,"121,22",EUR,PAID,FALSE,,USR-0003,
V-00132,2025-12-22,U-000568,M-0003,C-0003,Marketplace,"195,82",EUR,PAID,TRUE,FAC-2026-0132,USR-0003,
V-00133,2025-12-27,U-000430,M-0013,C-0001,Web,"267,07",EUR,PAID,FALSE,,USR-0002,
V-00134,2025-10-17,U-000297,M-0030,C-0001,Wallapop,286,EUR,PAID,FALSE,,USR-0002,
V-00135,2026-01-07,U-000995,M-0027,C-0002,Wallapop,"334,18",EUR,PAID,TRUE,FAC-2026-0135,USR-0002,
V-00136,2025-11-19,U-000384,M-0009,C-0001,Web,"280,88",EUR,PAID,FALSE,,USR-0002,
V-00137,2026-01-07,U-001080,M-0006,C-0002,Tienda,"119,78",EUR,PAID,TRUE,FAC-2026-0137,USR-0003,
V-00138,2025-11-15,U-000662,M-0004,C-0004,Web,"123,43",EUR,PAID,FALSE,,USR-0003,
V-00139,2026-01-10,U-001049,M-0001,C-0002,WhatsApp,"370,74",EUR,PAID,TRUE,FAC-2026-0139,USR-0002,
V-00140,2025-12-22,U-000972,M-0011,C-0001,Wallapop,"346,55",EUR,PAID,FALSE,,USR-0002,
V-00141,2025-10-04,U-000173,M-0004,C-0001,Wallapop,"130,65",EUR,PAID,FALSE,,USR-0002,
V-00142,2026-01-07,U-001079,M-0006,C-0002,Tienda,"129,08",EUR,PAID,TRUE,FAC-2026-0142,USR-0002,
V-00143,2025-11-05,U-000424,M-0013,C-0001,WhatsApp,"228,22",EUR,PAID,FALSE,,USR-0002,
V-00144,2026-01-14,U-000891,M-0015,C-0001,Web,"186,27",EUR,PAID,FALSE,,USR-0003,
V-00145,2025-12-12,U-000594,M-0022,C-0004,Wallapop,"493,8",EUR,PAID,FALSE,,USR-0002,
V-00146,2025-12-01,U-000555,M-0030,C-0001,Marketplace,"287,35",EUR,PAID,FALSE,,USR-0003,
V-00147,2025-10-08,U-000113,M-0029,C-0001,Web,"310,92",EUR,PAID,FALSE,,USR-0002,
V-00148,2025-10-20,U-000200,M-0017,C-0003,Marketplace,"226,45",EUR,PAID,TRUE,FAC-2026-0148,USR-0003,
V-00149,2025-12-26,U-001078,M-0006,C-0001,Tienda,"132,04",EUR,PAID,FALSE,,USR-0003,
V-00150,2025-12-25,U-000981,M-0014,C-0001,Web,"143,2",EUR,PAID,FALSE,,USR-0002,
V-00151,2025-11-03,U-000453,M-0003,C-0001,Tienda,"245,62",EUR,PAID,FALSE,,USR-0003,
V-00152,2026-01-04,U-000749,M-0020,C-0001,Wallapop,"252,33",EUR,PAID,FALSE,,USR-0003,
V-00153,2025-11-24,U-000356,M-0024,C-0003,Web,"160,55",EUR,PAID,TRUE,FAC-2026-0153,USR-0002,
V-00154,2025-12-27,U-000584,M-0005,C-0001,Web,"321,58",EUR,PAID,FALSE,,USR-0002,
V-00155,2025-10-10,U-000185,M-0013,C-0003,Marketplace,"271,05",EUR,PAID,TRUE,FAC-2026-0155,USR-0003,
V-00156,2025-12-19,U-000294,M-0030,C-0001,Wallapop,"291,88",EUR,PAID,FALSE,,USR-0003,
V-00157,2025-11-11,U-000057,M-0018,C-0001,Web,"142,16",EUR,PAID,FALSE,,USR-0002,
V-00158,2025-12-15,U-000986,M-0005,C-0001,Tienda,"323,08",EUR,PAID,FALSE,,USR-0002,
V-00159,2025-12-16,U-000439,M-0023,C-0001,Marketplace,"256,26",EUR,PAID,FALSE,,USR-0002,
V-00160,2025-12-28,U-000708,M-0012,C-0004,Wallapop,"171,08",EUR,PAID,FALSE,,USR-0002,
V-00161,2025-12-11,U-000342,M-0023,C-0004,Web,"269,31",EUR,PAID,FALSE,,USR-0002,
V-00162,2025-10-31,U-000388,M-0027,C-0001,WhatsApp,"337,31",EUR,PAID,FALSE,,USR-0003,
V-00163,2025-12-19,U-000838,M-0007,C-0002,WhatsApp,"231,85",EUR,PAID,TRUE,FAC-2026-0163,USR-0002,
V-00164,2025-12-08,U-001004,M-0027,C-0001,Web,"320,39",EUR,PAID,FALSE,,USR-0003,
V-00165,2025-12-05,U-000683,M-0008,C-0001,WhatsApp,"368,09",EUR,PAID,FALSE,,USR-0003,
V-00166,2025-11-05,U-000622,M-0023,C-0003,Marketplace,"285,33",EUR,PAID,TRUE,FAC-2026-0166,USR-0003,
V-00167,2025-11-30,U-000452,M-0003,C-0004,Tienda,"227,44",EUR,PAID,FALSE,,USR-0002,
V-00168,2026-01-09,U-000906,M-0006,C-0004,Web,"121,04",EUR,PAID,FALSE,,USR-0003,
V-00169,2025-12-21,U-000677,M-0008,C-0001,Web,"390,35",EUR,PAID,FALSE,,USR-0003,
V-00170,2025-11-15,U-000450,M-0003,C-0001,Web,"227,53",EUR,PAID,FALSE,,USR-0003,
V-00171,2025-12-24,U-000698,M-0022,C-0003,WhatsApp,"400,1",EUR,PAID,TRUE,FAC-2026-0171,USR-0002,
V-00172,2026-01-07,U-001034,M-0005,C-0001,Wallapop,"331,79",EUR,PAID,FALSE,,USR-0002,
V-00173,2025-12-28,U-000337,M-0023,C-0002,Marketplace,"272,16",EUR,PAID,TRUE,FAC-2026-0173,USR-0003,
V-00174,2026-01-07,U-000908,M-0006,C-0001,Marketplace,"105,62",EUR,PAID,FALSE,,USR-0003,
V-00175,2026-01-11,U-000943,M-0026,C-0001,Web,"158,28",EUR,PAID,FALSE,,USR-0003,
V-00176,2026-01-10,U-000548,M-0008,C-0002,Marketplace,"316,51",EUR,PAID,TRUE,FAC-2026-0176,USR-0003,
V-00177,2025-11-26,U-000670,M-0003,C-0001,Tienda,"249,47",EUR,PAID,FALSE,,USR-0002,
V-00178,2026-01-11,U-000890,M-0015,C-0003,Tienda,"233,69",EUR,PAID,TRUE,FAC-2026-0178,USR-0002,
V-00179,2025-11-27,U-000583,M-0005,C-0001,Web,"326,39",EUR,PAID,FALSE,,USR-0003,
V-00180,2025-12-06,U-000472,M-0007,C-0001,Wallapop,"274,12",EUR,PAID,FALSE,,USR-0003,
V-00181,2025-10-01,U-000049,M-0018,C-0001,Wallapop,"155,94",EUR,PAID,FALSE,,USR-0002,
V-00182,2026-01-13,U-000586,M-0005,C-0001,Web,"334,93",EUR,PAID,FALSE,,USR-0003,
V-00183,2025-12-08,U-000166,M-0023,C-0001,Wallapop,"220,57",EUR,PAID,FALSE,,USR-0002,
V-00184,2025-10-09,U-000225,M-0020,C-0004,WhatsApp,"228,78",EUR,PAID,FALSE,,USR-0002,
V-00185,2025-12-01,U-000442,M-0023,C-0001,Tienda,"284,29",EUR,PAID,FALSE,,USR-0002,
V-00186,2025-12-26,U-001000,M-0027,C-0002,Wallapop,"358,74",EUR,PAID,TRUE,FAC-2026-0186,USR-0003,
V-00187,2025-11-20,U-000093,M-0010,C-0004,Web,"264,7",EUR,PAID,FALSE,,USR-0003,
V-00188,2026-01-13,U-000538,M-0020,C-0003,Marketplace,"244,59",EUR,PAID,TRUE,FAC-2026-0188,USR-0002,
V-00189,2025-12-06,U-000905,M-0009,C-0003,Tienda,"270,35",EUR,PAID,TRUE,FAC-2026-0189,USR-0003,
V-00190,2025-12-24,U-000405,M-0018,C-0001,WhatsApp,"144,71",EUR,PAID,FALSE,,USR-0003,
V-00191,2025-12-27,U-000375,M-0025,C-0004,Marketplace,"238,01",EUR,PAID,FALSE,,USR-0003,
V-00192,2025-12-05,U-000303,M-0006,C-0003,Tienda,"121,29",EUR,PAID,TRUE,FAC-2026-0192,USR-0003,
V-00193,2025-11-09,U-000079,M-0028,C-0001,Tienda,"256,3",EUR,PAID,FALSE,,USR-0002,
V-00194,2025-11-21,U-000769,M-0006,C-0002,Marketplace,"132,4",EUR,PAID,TRUE,FAC-2026-0194,USR-0003,
V-00195,2025-12-30,U-000786,M-0010,C-0003,WhatsApp,"266,26",EUR,PAID,TRUE,FAC-2026-0195,USR-0003,
V-00196,2025-12-20,U-001010,M-0004,C-0001,Web,"102,66",EUR,PAID,FALSE,,USR-0002,
V-00197,2026-01-14,U-000959,M-0016,C-0001,WhatsApp,"116,18",EUR,PAID,FALSE,,USR-0003,
V-00198,2025-10-31,U-000069,M-0030,C-0003,WhatsApp,"227,98",EUR,PAID,TRUE,FAC-2026-0198,USR-0003,
V-00199,2025-12-13,U-000612,M-0010,C-0004,Marketplace,"260,25",EUR,PAID,FALSE,,USR-0002,
V-00200,2025-10-08,U-000223,M-0020,C-0001,Marketplace,"244,16",EUR,PAID,FALSE,,USR-0003,
V-00201,2025-12-14,U-000837,M-0007,C-0004,Marketplace,"235,29",EUR,PAID,FALSE,,USR-0003,
V-00202,2025-11-16,U-000621,M-0023,C-0003,WhatsApp,"262,77",EUR,PAID,TRUE,FAC-2026-0202,USR-0002,
V-00203,2025-10-01,U-000171,M-0004,C-0002,Web,"115,08",EUR,PAID,TRUE,FAC-2026-0203,USR-0002,
V-00204,2025-11-21,U-000239,M-0021,C-0001,Web,"167,98",EUR,PAID,FALSE,,USR-0003,
V-00205,2026-01-12,U-000685,M-0008,C-0004,WhatsApp,"391,35",EUR,PAID,FALSE,,USR-0003,
V-00206,2025-11-05,U-000227,M-0030,C-0001,Wallapop,"267,62",EUR,PAID,FALSE,,USR-0002,
V-00207,2025-11-30,U-000853,M-0023,C-0003,Web,"269,52",EUR,PAID,TRUE,FAC-2026-0207,USR-0003,
V-00208,2025-11-22,U-000335,M-0026,C-0001,Web,"131,96",EUR,PAID,FALSE,,USR-0003,
V-00209,2026-01-11,U-000909,M-0006,C-0001,Tienda,"133,74",EUR,PAID,FALSE,,USR-0002,
V-00210,2025-11-18,U-000241,M-0021,C-0002,WhatsApp,"156,01",EUR,PAID,TRUE,FAC-2026-0210,USR-0003,
V-00211,2026-01-12,U-000887,M-0015,C-0001,Tienda,"184,09",EUR,PAID,FALSE,,USR-0002,
V-00212,2025-11-16,U-000164,M-0023,C-0002,WhatsApp,"266,88",EUR,PENDING,TRUE,FAC-2026-0212,USR-0002,
V-00213,2025-11-04,U-000399,M-0018,C-0001,Web,"121,24",EUR,PAID,FALSE,,USR-0002,
V-00214,2025-11-13,U-000261,M-0016,C-0001,Tienda,"149,81",EUR,PAID,FALSE,,USR-0002,
V-00215,2025-12-24,U-000881,M-0015,C-0002,Marketplace,"211,19",EUR,PAID,TRUE,FAC-2026-0215,USR-0003,
V-00216,2026-01-12,U-000514,M-0011,C-0002,Web,"315,76",EUR,PAID,TRUE,FAC-2026-0216,USR-0002,
V-00217,2025-12-13,U-000832,M-0008,C-0001,Tienda,"383,17",EUR,PAID,FALSE,,USR-0002,
V-00218,2026-01-09,U-000974,M-0011,C-0001,Marketplace,"310,36",EUR,PAID,FALSE,,USR-0002,
V-00219,2025-11-24,U-000792,M-0013,C-0002,Web,"274,35",EUR,PAID,TRUE,FAC-2026-0219,USR-0002,
V-00220,2025-12-30,U-000839,M-0007,C-0001,Web,"304,97",EUR,PAID,FALSE,,USR-0002,
V-00221,2025-12-02,U-000041,M-0005,C-0004,Marketplace,"333,5",EUR,PAID,FALSE,,USR-0003,
V-00222,2025-12-09,U-000330,M-0026,C-0001,Tienda,"157,47",EUR,PENDING,FALSE,,USR-0003,
V-00223,2026-01-11,U-001088,M-0013,C-0001,WhatsApp,"292,28",EUR,PAID,FALSE,,USR-0002,
V-00224,2025-11-15,U-000329,M-0026,C-0002,Tienda,"129,43",EUR,PAID,TRUE,FAC-2026-0224,USR-0002,
V-00225,2026-01-10,U-000654,M-0004,C-0001,Tienda,"133,47",EUR,PENDING,FALSE,,USR-0002,
V-00226,2025-11-02,U-000273,M-0019,C-0003,Web,"422,91",EUR,PAID,TRUE,FAC-2026-0226,USR-0003,
V-00227,2026-01-11,U-000673,M-0024,C-0001,Web,"191,46",EUR,PAID,FALSE,,USR-0003,
V-00228,2025-10-30,U-000008,M-0001,C-0002,Marketplace,"334,85",EUR,PAID,TRUE,FAC-2026-0228,USR-0003,
V-00229,2026-01-03,U-001025,M-0002,C-0002,WhatsApp,"134,09",EUR,PAID,TRUE,FAC-2026-0229,USR-0002,
V-00230,2025-11-27,U-000138,M-0018,C-0001,Tienda,"134,67",EUR,PAID,FALSE,,USR-0002,
V-00231,2025-12-24,U-000877,M-0019,C-0004,WhatsApp,"435,49",EUR,PAID,FALSE,,USR-0003,
V-00232,2026-01-10,U-001086,M-0013,C-0002,Web,"269,2",EUR,PAID,TRUE,FAC-2026-0232,USR-0003,
V-00233,2025-11-19,U-000312,M-0010,C-0001,WhatsApp,"268,08",EUR,PAID,FALSE,,USR-0003,
V-00234,2025-11-07,U-000383,M-0009,C-0001,Wallapop,"285,74",EUR,PAID,FALSE,,USR-0002,
V-00235,2026-01-07,U-000816,M-0026,C-0001,WhatsApp,"149,73",EUR,PAID,FALSE,,USR-0002,
V-00236,2026-01-13,U-000961,M-0016,C-0001,Web,"149,78",EUR,PAID,FALSE,,USR-0002,
V-00237,2025-12-17,U-000436,M-0023,C-0001,WhatsApp,"213,9",EUR,PENDING,FALSE,,USR-0003,
V-00238,2025-11-27,U-000898,M-0016,C-0003,WhatsApp,"119,77",EUR,PAID,TRUE,FAC-2026-0238,USR-0003,
V-00239,2025-12-18,U-000830,M-0008,C-0001,Web,"392,28",EUR,PAID,FALSE,,USR-0002,
V-00240,2025-11-17,U-000484,M-0010,C-0001,Wallapop,"278,85",EUR,PAID,FALSE,,USR-0002,
V-00241,2025-09-27,U-000058,M-0030,C-0002,WhatsApp,"281,56",EUR,PENDING,TRUE,FAC-2026-0241,USR-0002,
V-00242,2025-12-18,U-000410,M-0014,C-0001,Web,"138,71",EUR,PAID,FALSE,,USR-0002,
V-00243,2026-01-12,U-000876,M-0019,C-0001,Web,"398,81",EUR,PAID,FALSE,,USR-0002,
V-00244,2025-12-05,U-000144,M-0022,C-0001,WhatsApp,"523,52",EUR,PAID,FALSE,,USR-0002,
V-00245,2025-10-11,U-000053,M-0018,C-0001,WhatsApp,"122,08",EUR,PAID,FALSE,,USR-0003,
V-00246,2025-10-10,U-000119,M-0029,C-0001,Wallapop,"272,7",EUR,PENDING,FALSE,,USR-0003,
V-00247,2025-12-27,U-000465,M-0007,C-0003,Web,"310,96",EUR,PAID,TRUE,FAC-2026-0247,USR-0003,
V-00248,2025-12-17,U-000861,M-0014,C-0001,Wallapop,"150,3",EUR,PAID,FALSE,,USR-0002,
V-00249,2025-11-25,U-000176,M-0004,C-0002,Wallapop,"131,31",EUR,PAID,TRUE,FAC-2026-0249,USR-0003,
V-00250,2025-12-11,U-000327,M-0026,C-0001,Marketplace,"161,23",EUR,PAID,FALSE,,USR-0002,
V-00251,2026-01-13,U-000969,M-0011,C-0004,Wallapop,"321,23",EUR,PENDING,FALSE,,USR-0002,
V-00252,2025-12-22,U-000789,M-0013,C-0002,Wallapop,"245,48",EUR,PAID,TRUE,FAC-2026-0252,USR-0002,
V-00253,2026-01-10,U-000899,M-0016,C-0002,Wallapop,"140,93",EUR,PAID,TRUE,FAC-2026-0253,USR-0003,
V-00254,2025-10-30,U-000392,M-0018,C-0002,Wallapop,"140,84",EUR,PAID,TRUE,FAC-2026-0254,USR-0003,
V-00255,2025-10-27,U-000248,M-0011,C-0002,Marketplace,"315,24",EUR,PAID,TRUE,FAC-2026-0255,USR-0003,
V-00256,2025-11-16,U-000648,M-0016,C-0002,WhatsApp,"140,99",EUR,PAID,TRUE,FAC-2026-0256,USR-0003,
V-00257,2026-01-06,U-001076,M-0006,C-0003,Web,"115,44",EUR,PAID,TRUE,FAC-2026-0257,USR-0003,
V-00258,2025-10-19,U-000018,M-0017,C-0002,Tienda,"234,79",EUR,PENDING,TRUE,FAC-2026-0258,USR-0003,
V-00259,2025-12-11,U-000674,M-0008,C-0001,WhatsApp,"411,65",EUR,PAID,FALSE,,USR-0002,
V-00260,2025-12-25,U-001074,M-0006,C-0001,Marketplace,"129,91",EUR,PAID,FALSE,,USR-0003,
V-00261,2026-01-07,U-000609,M-0025,C-0001,Marketplace,"218,2",EUR,PAID,FALSE,,USR-0003,
V-00262,2025-12-24,U-000745,M-0020,C-0001,WhatsApp,"242,36",EUR,PAID,FALSE,,USR-0002,
V-00263,2025-12-05,U-000728,M-0005,C-0001,WhatsApp,"356,81",EUR,PAID,FALSE,,USR-0003,
V-00264,2026-01-03,U-000557,M-0030,C-0001,Tienda,"298,28",EUR,PAID,FALSE,,USR-0002,
V-00265,2026-01-10,U-001041,M-0005,C-0001,Tienda,"276,06",EUR,PAID,FALSE,,USR-0002,
V-00266,2025-10-05,U-000031,M-0012,C-0002,Wallapop,"152,36",EUR,PAID,TRUE,FAC-2026-0266,USR-0002,
V-00267,2025-12-05,U-000499,M-0017,C-0003,Tienda,"175,94",EUR,PAID,TRUE,FAC-2026-0267,USR-0002,
V-00268,2025-10-20,U-000146,M-0022,C-0004,Marketplace,"474,56",EUR,PAID,FALSE,,USR-0002,
V-00269,2025-12-09,U-000815,M-0026,C-0001,Wallapop,"156,02",EUR,PAID,FALSE,,USR-0003,
V-00270,2026-01-04,U-000845,M-0007,C-0003,Wallapop,"294,36",EUR,PENDING,TRUE,FAC-2026-0270,USR-0002,
V-00271,2025-11-14,U-000104,M-0007,C-0001,WhatsApp,"246,26",EUR,PAID,FALSE,,USR-0002,
V-00272,2025-12-02,U-000189,M-0013,C-0002,WhatsApp,"273,11",EUR,PENDING,TRUE,FAC-2026-0272,USR-0002,
V-00273,2026-01-07,U-000663,M-0004,C-0003,Tienda,"115,4",EUR,PAID,TRUE,FAC-2026-0273,USR-0003,
V-00274,2026-01-11,U-000591,M-0022,C-0001,Web,"513,01",EUR,PAID,FALSE,,USR-0003,
V-00275,2025-12-16,U-000479,M-0011,C-0002,Marketplace,"271,82",EUR,PAID,TRUE,FAC-2026-0275,USR-0002,
V-00276,2026-01-13,U-001017,M-0015,C-0002,Marketplace,"214,04",EUR,PENDING,TRUE,FAC-2026-0276,USR-0003,
V-00277,2025-11-11,U-000218,M-0018,C-0004,Marketplace,"144,14",EUR,PENDING,FALSE,,USR-0003,
V-00278,2025-12-09,U-000299,M-0006,C-0002,Tienda,"123,87",EUR,PENDING,TRUE,FAC-2026-0278,USR-0002,
V-00279,2025-10-23,U-000032,M-0012,C-0003,WhatsApp,"162,55",EUR,PAID,TRUE,FAC-2026-0279,USR-0002,
V-00280,2025-12-10,U-000326,M-0023,C-0001,Wallapop,"275,08",EUR,PAID,FALSE,,USR-0002,
V-00281,2025-12-26,U-000723,M-0005,C-0002,Marketplace,"315,09",EUR,PAID,TRUE,FAC-2026-0281,USR-0002,
V-00282,2026-01-03,U-001002,M-0027,C-0001,Wallapop,"339,02",EUR,PAID,FALSE,,USR-0002,
V-00283,2025-11-18,U-000659,M-0004,C-0001,WhatsApp,"123,03",EUR,PAID,FALSE,,USR-0003,
V-00284,2025-11-18,U-000186,M-0013,C-0001,WhatsApp,"285,09",EUR,PAID,FALSE,,USR-0002,
V-00285,2026-01-10,U-001040,M-0005,C-0001,Web,"326,77",EUR,PAID,FALSE,,USR-0002,
V-00286,2026-01-06,U-000477,M-0011,C-0001,WhatsApp,"313,5",EUR,PAID,FALSE,,USR-0003,
V-00287,2025-11-08,U-000589,M-0002,C-0002,Web,"131,79",EUR,PAID,TRUE,FAC-2026-0287,USR-0002,
V-00288,2025-11-27,U-000730,M-0005,C-0002,Tienda,"358,13",EUR,PAID,TRUE,FAC-2026-0288,USR-0002,
V-00289,2025-11-27,U-000316,M-0010,C-0001,WhatsApp,"257,75",EUR,PAID,FALSE,,USR-0002,
V-00290,2025-10-18,U-000061,M-0030,C-0004,Wallapop,"307,02",EUR,PAID,FALSE,,USR-0002,
V-00291,2025-11-13,U-000353,M-0024,C-0001,WhatsApp,"189,16",EUR,PAID,FALSE,,USR-0002,
V-00292,2025-11-21,U-000240,M-0021,C-0001,Marketplace,"175,5",EUR,PAID,FALSE,,USR-0002,
V-00293,2025-12-23,U-000411,M-0014,C-0004,Wallapop,"140,85",EUR,PAID,FALSE,,USR-0003,
V-00294,2025-11-14,U-000580,M-0005,C-0002,Web,"324,82",EUR,PAID,TRUE,FAC-2026-0294,USR-0003,
V-00295,2025-12-07,U-000705,M-0012,C-0001,Web,"151,91",EUR,PAID,FALSE,,USR-0003,
V-00296,2025-12-03,U-000121,M-0029,C-0001,Marketplace,"269,3",EUR,PENDING,FALSE,,USR-0003,
V-00297,2025-11-16,U-000636,M-0030,C-0002,Marketplace,"281,43",EUR,PAID,TRUE,FAC-2026-0297,USR-0002,
V-00298,2026-01-03,U-000716,M-0012,C-0001,Web,"168,96",EUR,PAID,FALSE,,USR-0002,
V-00299,2026-01-09,U-000738,M-0027,C-0001,Tienda,"346,44",EUR,PAID,FALSE,,USR-0003,
V-00300,2025-11-22,U-000546,M-0008,C-0001,Marketplace,"402,5",EUR,PAID,FALSE,,USR-0003,
V-00301,2026-01-08,U-000582,M-0005,C-0001,Wallapop,"351,22",EUR,PENDING,FALSE,,USR-0002,
V-00302,2025-10-05,U-000067,M-0030,C-0001,Web,"303,02",EUR,PAID,FALSE,,USR-0003,
V-00303,2025-10-30,U-000170,M-0013,C-0003,WhatsApp,"297,18",EUR,PAID,TRUE,FAC-2026-0303,USR-0002,
V-00304,2026-01-14,U-000859,M-0023,C-0001,WhatsApp,"260,11",EUR,PAID,FALSE,,USR-0002,
V-00305,2025-12-10,U-000762,M-0017,C-0004,Wallapop,"186,91",EUR,PAID,FALSE,,USR-0002,
V-00306,2025-11-16,U-000666,M-0003,C-0001,Tienda,"248,19",EUR,PAID,FALSE,,USR-0003,
V-00307,2026-01-13,U-000917,M-0006,C-0003,Tienda,"131,55",EUR,PAID,TRUE,FAC-2026-0307,USR-0002,
V-00308,2026-01-11,U-000850,M-0023,C-0004,WhatsApp,"249,15",EUR,PAID,FALSE,,USR-0003,
V-00309,2025-11-29,U-000867,M-0014,C-0001,Tienda,"154,19",EUR,PENDING,FALSE,,USR-0003,
V-00310,2025-11-11,U-000309,M-0010,C-0002,Wallapop,"272,3",EUR,PAID,TRUE,FAC-2026-0310,USR-0003,
V-00311,2026-01-12,U-001009,M-0010,C-0001,Wallapop,"289,1",EUR,PAID,FALSE,,USR-0003,
V-00312,2026-01-08,U-001021,M-0015,C-0004,Marketplace,"223,67",EUR,PAID,FALSE,,USR-0003,
V-00313,2025-12-21,U-000441,M-0023,C-0004,Wallapop,"248,22",EUR,PAID,FALSE,,USR-0003,
V-00314,2025-12-22,U-000758,M-0023,C-0004,Marketplace,"279,92",EUR,PAID,FALSE,,USR-0002,
V-00315,2025-11-22,U-000524,M-0017,C-0003,Wallapop,"202,59",EUR,PENDING,TRUE,FAC-2026-0315,USR-0003,
V-00316,2025-12-25,U-000610,M-0025,C-0001,Tienda,"191,88",EUR,PENDING,FALSE,,USR-0003,
V-00317,2025-10-10,U-000118,M-0029,C-0001,Web,"288,47",EUR,PAID,FALSE,,USR-0003,
V-00318,2026-01-12,U-001068,M-0026,C-0001,Marketplace,"150,79",EUR,PAID,FALSE,,USR-0002,
V-00319,2025-12-02,U-000812,M-0026,C-0001,Tienda,"165,19",EUR,PAID,FALSE,,USR-0003,
V-00320,2025-10-04,U-000056,M-0018,C-0004,Web,"154,55",EUR,PAID,FALSE,,USR-0002,
V-00321,2025-12-12,U-001005,M-0019,C-0001,Web,"428,05",EUR,PAID,FALSE,,USR-0003,
V-00322,2025-10-18,U-000259,M-0016,C-0001,Marketplace,"135,59",EUR,PAID,FALSE,,USR-0003,
V-00323,2025-12-04,U-000244,M-0011,C-0001,WhatsApp,"329,02",EUR,PAID,FALSE,,USR-0002,
V-00324,2025-12-29,U-000985,M-0005,C-0001,Wallapop,"364,53",EUR,PAID,FALSE,,USR-0003,
V-00325,2025-11-02,U-000060,M-0030,C-0002,Marketplace,"274,78",EUR,PAID,TRUE,FAC-2026-0325,USR-0003,
V-00326,2025-10-14,U-000025,M-0012,C-0001,Tienda,"162,33",EUR,PAID,FALSE,,USR-0003,
V-00327,2025-11-27,U-000431,M-0021,C-0001,Tienda,"153,9",EUR,PAID,FALSE,,USR-0002,
V-00328,2026-01-07,U-000918,M-0006,C-0004,Wallapop,"124,59",EUR,PAID,FALSE,,USR-0003,
V-00329,2026-01-11,U-000874,M-0014,C-0002,Web,"133,79",EUR,PAID,TRUE,FAC-2026-0329,USR-0002,
V-00330,2026-01-02,U-000527,M-0017,C-0003,WhatsApp,"212,76",EUR,PAID,TRUE,FAC-2026-0330,USR-0002,
V-00331,2025-12-22,U-000750,M-0020,C-0004,Wallapop,"249,16",EUR,PAID,FALSE,,USR-0002,
V-00332,2025-12-20,U-000385,M-0009,C-0002,Tienda,"248,52",EUR,PAID,TRUE,FAC-2026-0332,USR-0003,
V-00333,2025-12-15,U-000717,M-0012,C-0001,Marketplace,"154,59",EUR,PAID,FALSE,,USR-0002,
V-00334,2025-12-04,U-000172,M-0004,C-0002,Wallapop,"130,98",EUR,PAID,TRUE,FAC-2026-0334,USR-0003,
V-00335,2025-11-28,U-000095,M-0003,C-0002,Marketplace,"231,37",EUR,PAID,TRUE,FAC-2026-0335,USR-0003,
V-00336,2025-12-06,U-000649,M-0016,C-0002,Web,"123,73",EUR,PAID,TRUE,FAC-2026-0336,USR-0003,
V-00337,2025-11-04,U-000084,M-0028,C-0001,Wallapop,"249,43",EUR,PAID,FALSE,,USR-0002,
V-00338,2025-09-29,U-000034,M-0012,C-0001,Web,"138,36",EUR,PAID,FALSE,,USR-0002,
V-00339,2025-11-15,U-000429,M-0013,C-0001,Tienda,"300,35",EUR,PAID,FALSE,,USR-0003,
V-00340,2025-11-27,U-000332,M-0026,C-0001,WhatsApp,"131,49",EUR,PENDING,FALSE,,USR-0002,
V-00341,2026-01-09,U-000561,M-0003,C-0003,Web,"245,05",EUR,PAID,TRUE,FAC-2026-0341,USR-0003,
V-00342,2025-11-09,U-000547,M-0008,C-0001,Marketplace,"418,11",EUR,PAID,FALSE,,USR-0002,
V-00343,2026-01-09,U-000710,M-0012,C-0001,Web,"156,28",EUR,PAID,FALSE,,USR-0003,
V-00344,2025-10-23,U-000221,M-0020,C-0001,Web,"224,96",EUR,PAID,FALSE,,USR-0002,
V-00345,2025-10-15,U-000208,M-0018,C-0001,WhatsApp,"119,51",EUR,PAID,FALSE,,USR-0002,
V-00346,2025-09-29,U-000017,M-0017,C-0001,Wallapop,"224,11",EUR,PAID,FALSE,,USR-0003,
V-00347,2026-01-10,U-000795,M-0013,C-0001,Tienda,"303,81",EUR,PAID,FALSE,,USR-0003,
V-00348,2025-11-11,U-000624,M-0023,C-0001,Web,"266,41",EUR,PAID,FALSE,,USR-0002,
V-00349,2026-01-13,U-000824,M-0008,C-0003,Tienda,"379,13",EUR,PENDING,TRUE,FAC-2026-0349,USR-0002,
V-00350,2025-12-07,U-000851,M-0023,C-0003,Web,"264,47",EUR,PAID,TRUE,FAC-2026-0350,USR-0003,
V-00351,2025-12-12,U-000700,M-0022,C-0001,Wallapop,"379,43",EUR,PAID,FALSE,,USR-0003,
V-00352,2026-01-11,U-001008,M-0010,C-0001,Web,"282,91",EUR,PAID,FALSE,,USR-0003,
V-00353,2025-12-07,U-000180,M-0013,C-0002,Wallapop,"290,05",EUR,PENDING,TRUE,FAC-2026-0353,USR-0002,
V-00354,2025-12-03,U-000305,M-0006,C-0001,Web,"116,97",EUR,PAID,FALSE,,USR-0003,
V-00355,2025-12-09,U-000419,M-0006,C-0002,WhatsApp,"122,87",EUR,PAID,TRUE,FAC-2026-0355,USR-0003,
V-00356,2025-10-20,U-000280,M-0009,C-0003,Marketplace,"309,51",EUR,PAID,TRUE,FAC-2026-0356,USR-0003,
V-00357,2025-12-12,U-000869,M-0014,C-0002,WhatsApp,"146,49",EUR,PAID,TRUE,FAC-2026-0357,USR-0003,
V-00358,2026-01-13,U-000857,M-0023,C-0001,Tienda,"281,22",EUR,PAID,FALSE,,USR-0003,
V-00359,2026-01-07,U-000895,M-0016,C-0003,Marketplace,"137,26",EUR,PAID,TRUE,FAC-2026-0359,USR-0002,
V-00360,2025-11-20,U-000611,M-0025,C-0001,WhatsApp,"213,89",EUR,PAID,FALSE,,USR-0002,
V-00361,2025-12-08,U-000630,M-0030,C-0001,Web,"279,98",EUR,PAID,FALSE,,USR-0003,
V-00362,2025-10-27,U-000286,M-0009,C-0001,WhatsApp,"288,02",EUR,PAID,FALSE,,USR-0002,
V-00363,2025-12-15,U-000530,M-0017,C-0001,WhatsApp,"234,06",EUR,PAID,FALSE,,USR-0002,
V-00364,2025-12-03,U-000669,M-0003,C-0001,Tienda,"222,06",EUR,PAID,FALSE,,USR-0003,
V-00365,2025-12-04,U-000618,M-0023,C-0004,Wallapop,"289,81",EUR,PAID,FALSE,,USR-0002,
V-00366,2025-12-03,U-000625,M-0023,C-0001,Web,"271,75",EUR,PAID,FALSE,,USR-0002,
V-00367,2025-12-22,U-000354,M-0024,C-0001,Wallapop,"191,91",EUR,PAID,FALSE,,USR-0003,
V-00368,2025-10-19,U-000193,M-0017,C-0002,Wallapop,"237,57",EUR,PAID,TRUE,FAC-2026-0368,USR-0002,
V-00369,2025-10-31,U-000117,M-0029,C-0001,Web,"291,69",EUR,PENDING,FALSE,,USR-0002,
V-00370,2025-11-07,U-000492,M-0010,C-0001,Web,"271,84",EUR,PAID,FALSE,,USR-0003,
V-00371,2025-12-27,U-000690,M-0008,C-0001,WhatsApp,"386,28",EUR,PENDING,FALSE,,USR-0003,
V-00372,2025-12-20,U-000726,M-0005,C-0003,WhatsApp,"362,57",EUR,PAID,TRUE,FAC-2026-0372,USR-0002,
V-00373,2025-12-20,U-000414,M-0006,C-0001,Wallapop,"118,89",EUR,PAID,FALSE,,USR-0002,
V-00374,2025-12-10,U-000695,M-0022,C-0001,WhatsApp,"396,02",EUR,PENDING,FALSE,,USR-0002,
V-00375,2025-11-07,U-000536,M-0020,C-0001,Marketplace,"200,31",EUR,PAID,FALSE,,USR-0002,
V-00376,2025-12-15,U-000181,M-0013,C-0001,Wallapop,"309,94",EUR,PENDING,FALSE,,USR-0002,
V-00377,2026-01-08,U-000657,M-0004,C-0001,Tienda,"119,8",EUR,PAID,FALSE,,USR-0003,
V-00378,2026-01-01,U-001026,M-0005,C-0003,Marketplace,"313,34",EUR,PAID,TRUE,FAC-2026-0378,USR-0002,
V-00379,2026-01-14,U-000948,M-0026,C-0001,WhatsApp,"160,72",EUR,PAID,FALSE,,USR-0002,
V-00380,2025-12-24,U-000541,M-0020,C-0001,Wallapop,"257,86",EUR,PAID,FALSE,,USR-0002,
V-00381,2025-11-26,U-000513,M-0011,C-0001,Wallapop,"313,09",EUR,PAID,FALSE,,USR-0002,
V-00382,2025-11-05,U-000163,M-0023,C-0001,WhatsApp,"268,35",EUR,PAID,FALSE,,USR-0003,
V-00383,2025-11-15,U-000203,M-0017,C-0001,Tienda,"216,06",EUR,PAID,FALSE,,USR-0003,
V-00384,2026-01-14,U-000704,M-0012,C-0002,Web,"141,57",EUR,PAID,TRUE,FAC-2026-0384,USR-0003,
V-00385,2025-12-31,U-000660,M-0004,C-0001,Wallapop,"119,33",EUR,PAID,FALSE,,USR-0002,
V-00386,2025-12-02,U-000485,M-0010,C-0002,Tienda,"247,75",EUR,PAID,TRUE,FAC-2026-0386,USR-0003,
V-00387,2025-09-28,U-000048,M-0018,C-0001,Web,"144,98",EUR,PENDING,FALSE,,USR-0003,
V-00388,2025-11-03,U-000130,M-0018,C-0002,Marketplace,"119,71",EUR,PAID,TRUE,FAC-2026-0388,USR-0002,
V-00389,2025-11-06,U-000020,M-0017,C-0004,Tienda,"180,38",EUR,PAID,FALSE,,USR-0003,
V-00390,2025-11-27,U-000470,M-0007,C-0002,Wallapop,"275,67",EUR,PAID,TRUE,FAC-2026-0390,USR-0002,
V-00391,2025-12-02,U-000454,M-0003,C-0003,WhatsApp,"200,87",EUR,PAID,TRUE,FAC-2026-0391,USR-0003,
V-00392,2026-01-13,U-001003,M-0027,C-0003,Wallapop,"332,32",EUR,PAID,TRUE,FAC-2026-0392,USR-0003,
V-00393,2026-01-12,U-000915,M-0006,C-0001,Wallapop,"98,46",EUR,PAID,FALSE,,USR-0003,
V-00394,2025-12-09,U-000811,M-0026,C-0004,Tienda,"164,5",EUR,PAID,FALSE,,USR-0003,
V-00395,2025-12-25,U-000362,M-0007,C-0002,Web,"272,06",EUR,PAID,TRUE,FAC-2026-0395,USR-0002,
V-00396,2025-11-18,U-000529,M-0017,C-0001,Wallapop,"237,61",EUR,PAID,FALSE,,USR-0003,
V-00397,2025-12-29,U-000904,M-0009,C-0004,Marketplace,"285,41",EUR,PAID,FALSE,,USR-0002,
V-00398,2025-11-07,U-000407,M-0014,C-0001,Web,"143,51",EUR,PAID,FALSE,,USR-0003,
V-00399,2025-10-22,U-000006,M-0001,C-0001,WhatsApp,"325,61",EUR,PAID,FALSE,,USR-0002,
V-00400,2025-12-17,U-000754,M-0018,C-0002,Marketplace,"138,95",EUR,PAID,TRUE,FAC-2026-0400,USR-0003,
V-00401,2025-12-28,U-001044,M-0001,C-0001,Web,"405,46",EUR,PAID,FALSE,,USR-0003,
V-00402,2025-12-13,U-000234,M-0030,C-0001,WhatsApp,"265,78",EUR,PAID,FALSE,,USR-0002,
V-00403,2025-10-29,U-000188,M-0013,C-0004,Wallapop,"296,88",EUR,PAID,FALSE,,USR-0003,
V-00404,2025-11-10,U-000197,M-0017,C-0004,Marketplace,"206,42",EUR,PAID,FALSE,,USR-0002,
V-00405,2026-01-07,U-000711,M-0012,C-0001,Wallapop,"130,63",EUR,PAID,FALSE,,USR-0003,
V-00406,2025-10-29,U-000293,M-0030,C-0004,Web,"279,92",EUR,PAID,FALSE,,USR-0002,
V-00407,2025-11-26,U-000572,M-0005,C-0001,Marketplace,"287,77",EUR,PAID,FALSE,,USR-0003,
V-00408,2025-11-26,U-000503,M-0011,C-0001,Marketplace,"355,46",EUR,PAID,FALSE,,USR-0002,
V-00409,2025-10-22,U-000105,M-0007,C-0001,Wallapop,"291,56",EUR,PAID,FALSE,,USR-0002,
V-00410,2026-01-14,U-000664,M-0004,C-0001,Web,"122,83",EUR,PAID,FALSE,,USR-0003,
V-00411,2025-12-19,U-001085,M-0013,C-0001,Tienda,"269,99",EUR,PAID,FALSE,,USR-0002,
V-00412,2025-11-23,U-000317,M-0010,C-0003,Web,"217,74",EUR,PAID,TRUE,FAC-2026-0412,USR-0003,
V-00413,2025-11-26,U-000350,M-0024,C-0004,Wallapop,"176,54",EUR,PAID,FALSE,,USR-0003,
V-00414,2025-12-19,U-000471,M-0007,C-0001,Marketplace,"275,61",EUR,PAID,FALSE,,USR-0002,
V-00415,2026-01-07,U-000965,M-0016,C-0002,WhatsApp,"121,94",EUR,PAID,TRUE,FAC-2026-0415,USR-0002,
V-00416,2025-12-31,U-000932,M-0002,C-0002,Tienda,"132,2",EUR,PAID,TRUE,FAC-2026-0416,USR-0002,
V-00417,2025-10-28,U-000276,M-0019,C-0004,Wallapop,"442,73",EUR,PAID,FALSE,,USR-0003,
V-00418,2025-12-27,U-000387,M-0027,C-0003,WhatsApp,"355,52",EUR,PAID,TRUE,FAC-2026-0418,USR-0002,
V-00419,2025-10-24,U-000315,M-0010,C-0003,Tienda,"275,76",EUR,PAID,TRUE,FAC-2026-0419,USR-0002,
V-00420,2026-01-01,U-000813,M-0026,C-0001,Wallapop,"149,52",EUR,PAID,FALSE,,USR-0002,
V-00421,2025-11-15,U-000213,M-0018,C-0001,Web,"138,25",EUR,PAID,FALSE,,USR-0002,
V-00422,2025-11-30,U-000615,M-0023,C-0001,Wallapop,"230,19",EUR,PAID,FALSE,,USR-0002,
V-00423,2025-12-16,U-000506,M-0011,C-0001,Tienda,"346,74",EUR,PAID,FALSE,,USR-0002,
V-00424,2026-01-09,U-001060,M-0026,C-0001,WhatsApp,"166,57",EUR,PAID,FALSE,,USR-0003,
V-00425,2025-10-03,U-000154,M-0003,C-0001,Wallapop,"249,75",EUR,PAID,FALSE,,USR-0003,
V-00426,2025-11-08,U-000284,M-0009,C-0003,Wallapop,"293,15",EUR,PAID,TRUE,FAC-2026-0426,USR-0003,
V-00427,2025-12-05,U-000334,M-0026,C-0002,WhatsApp,"149,66",EUR,PAID,TRUE,FAC-2026-0427,USR-0003,
V-00428,2025-12-22,U-001045,M-0001,C-0002,Tienda,"376,09",EUR,PAID,TRUE,FAC-2026-0428,USR-0003,
V-00429,2025-11-09,U-000108,M-0027,C-0004,Wallapop,"342,12",EUR,PAID,FALSE,,USR-0003,
V-00430,2026-01-09,U-000911,M-0006,C-0004,Wallapop,"131,68",EUR,PAID,FALSE,,USR-0003,
V-00431,2025-11-28,U-000855,M-0023,C-0001,Web,"263,35",EUR,PAID,FALSE,,USR-0003,
V-00432,2025-12-04,U-000686,M-0008,C-0001,Marketplace,"378,74",EUR,PAID,FALSE,,USR-0002,
V-00433,2025-10-24,U-000328,M-0026,C-0001,WhatsApp,"161,35",EUR,PAID,FALSE,,USR-0003,
V-00434,2025-11-18,U-000336,M-0023,C-0004,Wallapop,"289,76",EUR,PAID,FALSE,,USR-0003,
V-00435,2026-01-11,U-000831,M-0008,C-0001,Web,"394,47",EUR,PAID,FALSE,,USR-0002,
V-00436,2025-12-02,U-000110,M-0027,C-0003,Web,"322,77",EUR,PAID,TRUE,FAC-2026-0436,USR-0003,
V-00437,2025-11-27,U-000550,M-0030,C-0002,Wallapop,"295,58",EUR,PAID,TRUE,FAC-2026-0437,USR-0003,
V-00438,2026-01-05,U-000780,M-0021,C-0001,Wallapop,"169,34",EUR,PAID,FALSE,,USR-0003,
V-00439,2025-10-22,U-000196,M-0017,C-0001,Wallapop,"231,37",EUR,PAID,FALSE,,USR-0003,
V-00440,2025-10-29,U-000423,M-0013,C-0001,Marketplace,"293,12",EUR,PAID,FALSE,,USR-0003,
V-00441,2025-12-01,U-000301,M-0006,C-0001,Web,"118,93",EUR,PAID,FALSE,,USR-0002,
V-00442,2025-10-30,U-000237,M-0021,C-0004,Web,"159,66",EUR,PAID,FALSE,,USR-0003,
V-00443,2025-12-09,U-000766,M-0017,C-0004,WhatsApp,"232,6",EUR,PAID,FALSE,,USR-0002,
V-00444,2025-12-26,U-000928,M-0002,C-0004,Web,"120,97",EUR,PAID,FALSE,,USR-0002,
V-00445,2025-12-22,U-000924,M-0002,C-0002,Web,"124,65",EUR,PAID,TRUE,FAC-2026-0445,USR-0002,
V-00446,2025-11-09,U-000497,M-0022,C-0004,Marketplace,"483,95",EUR,PAID,FALSE,,USR-0003,
V-00447,2026-01-10,U-000950,M-0026,C-0001,Wallapop,"172,76",EUR,PAID,FALSE,,USR-0002,
V-00448,2025-10-08,U-000266,M-0016,C-0001,Web,"155,94",EUR,PAID,FALSE,,USR-0002,
V-00449,2026-01-14,U-001051,M-0001,C-0004,Tienda,"355,49",EUR,PAID,FALSE,,USR-0003,
V-00450,2026-01-12,U-001031,M-0005,C-0001,WhatsApp,"339,29",EUR,PAID,FALSE,,USR-0003,
V-00451,2025-12-26,U-001036,M-0005,C-0001,Wallapop,"340,01",EUR,PAID,FALSE,,USR-0002,
V-00452,2025-11-21,U-000064,M-0030,C-0001,Marketplace,"287,08",EUR,PAID,FALSE,,USR-0003,
V-00453,2026-01-13,U-000953,M-0016,C-0003,Tienda,"133,51",EUR,PENDING,TRUE,FAC-2026-0453,USR-0003,
V-00454,2026-01-05,U-000457,M-0030,C-0004,Tienda,"289,65",EUR,PAID,FALSE,,USR-0003,
V-00455,2025-12-13,U-000782,M-0021,C-0004,Web,161,EUR,PAID,FALSE,,USR-0003,
V-00456,2026-01-12,U-000814,M-0026,C-0001,Wallapop,"153,78",EUR,PAID,FALSE,,USR-0002,
V-00457,2025-10-31,U-000368,M-0025,C-0001,Web,"236,45",EUR,PAID,FALSE,,USR-0002,
V-00458,2026-01-03,U-000727,M-0005,C-0001,Tienda,"337,2",EUR,PAID,FALSE,,USR-0002,
V-00459,2025-10-15,U-000246,M-0011,C-0001,Marketplace,"330,14",EUR,PAID,FALSE,,USR-0002,
V-00460,2025-12-11,U-000919,M-0006,C-0001,WhatsApp,"125,81",EUR,PAID,FALSE,,USR-0003,
V-00461,2025-11-12,U-000631,M-0030,C-0002,Marketplace,"297,26",EUR,PAID,TRUE,FAC-2026-0461,USR-0002,
V-00462,2025-12-11,U-000733,M-0005,C-0001,Tienda,"286,47",EUR,PAID,FALSE,,USR-0003,
V-00463,2025-12-17,U-000619,M-0023,C-0001,Web,"265,18",EUR,PAID,FALSE,,USR-0003,
V-00464,2025-11-30,U-000491,M-0010,C-0001,Web,"272,06",EUR,PAID,FALSE,,USR-0002,
V-00465,2025-12-29,U-000933,M-0002,C-0002,Web,"128,21",EUR,PAID,TRUE,FAC-2026-0465,USR-0003,
V-00466,2025-10-08,U-000082,M-0028,C-0001,Web,"254,35",EUR,PAID,FALSE,,USR-0003,
V-00467,2025-11-26,U-000249,M-0011,C-0002,Marketplace,"324,14",EUR,PAID,TRUE,FAC-2026-0467,USR-0003,
V-00468,2026-01-06,U-000549,M-0008,C-0001,Marketplace,"358,96",EUR,PAID,FALSE,,USR-0002,
V-00469,2025-10-28,U-000247,M-0011,C-0001,Web,"292,7",EUR,PAID,FALSE,,USR-0003,
V-00470,2025-12-08,U-000746,M-0020,C-0001,Marketplace,"237,83",EUR,PAID,FALSE,,USR-0003,
V-00471,2026-01-08,U-000841,M-0007,C-0001,Wallapop,"278,48",EUR,PAID,FALSE,,USR-0002,
V-00472,2025-11-26,U-000126,M-0018,C-0001,Wallapop,"143,68",EUR,PAID,FALSE,,USR-0003,
V-00473,2025-12-21,U-000781,M-0021,C-0004,Web,"150,88",EUR,PAID,FALSE,,USR-0002,
V-00474,2025-12-03,U-000979,M-0014,C-0001,Wallapop,"150,05",EUR,PAID,FALSE,,USR-0003,
V-00475,2025-12-06,U-000595,M-0022,C-0001,Web,"480,86",EUR,PAID,FALSE,,USR-0002,
V-00476,2025-12-21,U-001014,M-0015,C-0001,Tienda,"181,73",EUR,PAID,FALSE,,USR-0002,
V-00477,2025-12-28,U-000461,M-0007,C-0003,Tienda,"308,19",EUR,PAID,TRUE,FAC-2026-0477,USR-0003,
V-00478,2025-12-06,U-000528,M-0017,C-0004,Web,"217,76",EUR,PAID,FALSE,,USR-0002,
V-00479,2025-10-23,U-000270,M-0019,C-0002,Web,"401,73",EUR,PAID,TRUE,FAC-2026-0479,USR-0003,
V-00480,2026-01-06,U-000605,M-0025,C-0001,WhatsApp,"220,12",EUR,PAID,FALSE,,USR-0003,
V-00481,2025-12-13,U-001065,M-0026,C-0001,WhatsApp,"174,79",EUR,PAID,FALSE,,USR-0002,
V-00482,2025-12-15,U-000537,M-0020,C-0001,Wallapop,"234,19",EUR,PAID,FALSE,,USR-0002,
V-00483,2025-12-20,U-000459,M-0030,C-0001,WhatsApp,"280,5",EUR,PAID,FALSE,,USR-0003,
V-00484,2025-12-13,U-000502,M-0017,C-0001,Tienda,"204,52",EUR,PAID,FALSE,,USR-0002,
V-00485,2025-12-02,U-000418,M-0006,C-0004,Web,"118,11",EUR,PAID,FALSE,,USR-0002,
V-00486,2025-09-29,U-000063,M-0030,C-0003,Wallapop,"228,86",EUR,PAID,TRUE,FAC-2026-0486,USR-0002,
V-00487,2025-12-31,U-000486,M-0010,C-0002,Web,"270,02",EUR,PAID,TRUE,FAC-2026-0487,USR-0003,
V-00488,2025-11-08,U-000143,M-0022,C-0003,Tienda,"401,78",EUR,PAID,TRUE,FAC-2026-0488,USR-0003,
V-00489,2026-01-07,U-000817,M-0026,C-0001,Marketplace,"131,21",EUR,PAID,FALSE,,USR-0002,
V-00490,2026-01-11,U-000802,M-0013,C-0002,Marketplace,"298,81",EUR,PAID,TRUE,FAC-2026-0490,USR-0002,
V-00491,2025-11-19,U-000307,M-0010,C-0001,WhatsApp,"265,48",EUR,PAID,FALSE,,USR-0003,
V-00492,2025-11-18,U-000157,M-0023,C-0001,WhatsApp,"253,72",EUR,PAID,FALSE,,USR-0002,
V-00493,2025-11-27,U-000159,M-0023,C-0001,Marketplace,"253,24",EUR,PAID,FALSE,,USR-0003,
V-00494,2025-12-09,U-000229,M-0030,C-0001,WhatsApp,"285,14",EUR,PENDING,FALSE,,USR-0002,
V-00495,2025-12-28,U-000879,M-0015,C-0003,WhatsApp,"219,39",EUR,PAID,TRUE,FAC-2026-0495,USR-0002,
V-00496,2025-10-10,U-000019,M-0017,C-0001,Wallapop,"239,09",EUR,PAID,FALSE,,USR-0003,
V-00497,2025-12-11,U-000192,M-0017,C-0002,Web,"217,69",EUR,PAID,TRUE,FAC-2026-0497,USR-0003,
V-00498,2025-11-24,U-000072,M-0028,C-0001,WhatsApp,"241,15",EUR,PAID,FALSE,,USR-0002,
V-00499,2026-01-13,U-000984,M-0005,C-0002,Web,"351,62",EUR,PAID,TRUE,FAC-2026-0499,USR-0003,
V-00500,2025-12-11,U-000531,M-0020,C-0002,Web,"240,85",EUR,PAID,TRUE,FAC-2026-0500,USR-0002,
V-00501,2025-11-27,U-000352,M-0024,C-0004,Tienda,"180,05",EUR,PAID,FALSE,,USR-0002,
V-00502,2025-12-09,U-000752,M-0018,C-0003,Web,"142,89",EUR,PAID,TRUE,FAC-2026-0502,USR-0003,
V-00503,2025-11-10,U-000073,M-0028,C-0001,Marketplace,"237,76",EUR,PAID,FALSE,,USR-0003,
V-00504,2026-01-09,U-000936,M-0002,C-0001,Web,"108,15",EUR,PAID,FALSE,,USR-0003,
V-00505,2025-10-26,U-000179,M-0013,C-0004,Wallapop,"291,29",EUR,PAID,FALSE,,USR-0002,
V-00506,2025-12-20,U-000382,M-0025,C-0001,WhatsApp,"219,03",EUR,PAID,FALSE,,USR-0002,
V-00507,2025-10-30,U-000391,M-0018,C-0001,WhatsApp,"142,89",EUR,PAID,FALSE,,USR-0002,
V-00508,2025-11-04,U-000160,M-0023,C-0002,Web,"264,68",EUR,PAID,TRUE,FAC-2026-0508,USR-0002,
V-00509,2026-01-10,U-000865,M-0014,C-0002,Tienda,"145,76",EUR,PAID,TRUE,FAC-2026-0509,USR-0003,
V-00510,2026-01-12,U-000990,M-0005,C-0002,Wallapop,"335,97",EUR,PAID,TRUE,FAC-2026-0510,USR-0002,
V-00511,2025-10-26,U-000346,M-0024,C-0001,Marketplace,"176,75",EUR,PAID,FALSE,,USR-0002,
V-00512,2025-12-07,U-000751,M-0018,C-0002,Marketplace,"133,19",EUR,PAID,TRUE,FAC-2026-0512,USR-0003,
V-00513,2025-12-29,U-000434,M-0023,C-0002,Marketplace,"224,18",EUR,PAID,TRUE,FAC-2026-0513,USR-0003,
V-00514,2025-11-16,U-000455,M-0003,C-0001,Marketplace,"256,07",EUR,PENDING,FALSE,,USR-0002,
V-00515,2026-01-12,U-000966,M-0016,C-0002,Web,"114,8",EUR,PAID,TRUE,FAC-2026-0515,USR-0002,
V-00516,2026-01-07,U-001023,M-0002,C-0004,Wallapop,"118,19",EUR,PAID,FALSE,,USR-0002,
V-00517,2025-12-07,U-000912,M-0006,C-0001,Tienda,"125,47",EUR,PAID,FALSE,,USR-0002,
V-00518,2025-11-22,U-000697,M-0022,C-0004,WhatsApp,"441,97",EUR,PAID,FALSE,,USR-0003,
V-00519,2026-01-02,U-000753,M-0018,C-0001,Tienda,"117,23",EUR,PAID,FALSE,,USR-0002,
V-00520,2025-12-13,U-000370,M-0025,C-0001,Tienda,"191,08",EUR,PAID,FALSE,,USR-0003,
V-00521,2025-12-05,U-000123,M-0029,C-0004,WhatsApp,"284,23",EUR,PAID,FALSE,,USR-0003,
V-00522,2025-12-28,U-000688,M-0008,C-0002,Web,"386,1",EUR,PAID,TRUE,FAC-2026-0522,USR-0002,
V-00523,2025-12-09,U-000199,M-0017,C-0001,Wallapop,"233,57",EUR,PAID,FALSE,,USR-0003,
V-00524,2025-11-03,U-000285,M-0009,C-0002,Marketplace,"276,74",EUR,PAID,TRUE,FAC-2026-0524,USR-0003,
V-00525,2026-01-05,U-000562,M-0003,C-0002,Wallapop,"226,91",EUR,PAID,TRUE,FAC-2026-0525,USR-0002,
V-00526,2025-12-25,U-000725,M-0005,C-0001,Wallapop,"358,5",EUR,PAID,FALSE,,USR-0003,
V-00527,2025-11-10,U-000235,M-0030,C-0001,Marketplace,"313,08",EUR,PAID,FALSE,,USR-0002,
V-00528,2025-11-30,U-000408,M-0014,C-0001,WhatsApp,"140,84",EUR,PAID,FALSE,,USR-0003,
V-00529,2025-12-28,U-001058,M-0009,C-0001,WhatsApp,"244,3",EUR,PAID,FALSE,,USR-0002,
V-00530,2025-11-28,U-000103,M-0007,C-0004,WhatsApp,"274,95",EUR,PAID,FALSE,,USR-0003,
V-00531,2025-12-08,U-000190,M-0013,C-0001,Tienda,"294,72",EUR,PAID,FALSE,,USR-0002,
V-00532,2025-12-15,U-000505,M-0011,C-0002,Tienda,"356,03",EUR,PAID,TRUE,FAC-2026-0532,USR-0002,
V-00533,2025-11-14,U-000134,M-0018,C-0001,Web,"141,74",EUR,PAID,FALSE,,USR-0002,
V-00534,2025-11-22,U-000367,M-0007,C-0002,Wallapop,"274,12",EUR,PAID,TRUE,FAC-2026-0534,USR-0002,
V-00535,2025-11-10,U-000371,M-0025,C-0002,Marketplace,"222,06",EUR,PAID,TRUE,FAC-2026-0535,USR-0002,
V-00536,2026-01-11,U-000907,M-0006,C-0001,Tienda,"114,48",EUR,PAID,FALSE,,USR-0002,
V-00537,2025-11-08,U-000614,M-0010,C-0001,Web,"289,97",EUR,PENDING,FALSE,,USR-0002,
V-00538,2025-10-09,U-000028,M-0012,C-0001,Web,"162,71",EUR,PAID,FALSE,,USR-0003,
V-00539,2025-12-11,U-000886,M-0015,C-0002,WhatsApp,"189,02",EUR,PAID,TRUE,FAC-2026-0539,USR-0002,
V-00540,2025-11-28,U-000576,M-0005,C-0004,Marketplace,"311,59",EUR,PAID,FALSE,,USR-0002,
V-00541,2025-11-16,U-000645,M-0016,C-0001,Web,"117,95",EUR,PAID,FALSE,,USR-0002,
V-00542,2026-01-10,U-000996,M-0027,C-0001,Wallapop,"336,62",EUR,PAID,FALSE,,USR-0002,
V-00543,2025-12-05,U-000194,M-0017,C-0001,Tienda,"187,28",EUR,PAID,FALSE,,USR-0003,
V-00544,2026-01-10,U-000834,M-0008,C-0002,Tienda,"354,5",EUR,PAID,TRUE,FAC-2026-0544,USR-0003,
V-00545,2025-11-18,U-000675,M-0008,C-0001,Tienda,"388,18",EUR,PAID,FALSE,,USR-0003,